Age,DailyRate,DistanceFromHome,Education,EnvironmentSatisfaction,HourlyRate,JobInvolvement,JobLevel,JobSatisfaction,MonthlyIncome,MonthlyRate,NumCompaniesWorked,PercentSalaryHike,PerformanceRating,RelationshipSatisfaction,StockOptionLevel,TotalWorkingYears,TrainingTimesLastYear,WorkLifeBalance,YearsAtCompany,YearsInCurrentRole,YearsSinceLastPromotion,YearsWithCurrManager,BusinessTravel_Travel_Frequently,BusinessTravel_Travel_Rarely,Department_Research & Development,Department_Sales,EducationField_Life Sciences,EducationField_Marketing,EducationField_Medical,EducationField_Other,EducationField_Technical Degree,Gender_Male,JobRole_Human Resources,JobRole_Laboratory Technician,JobRole_Manager,JobRole_Manufacturing Director,JobRole_Research Director,JobRole_Research Scientist,JobRole_Sales Executive,JobRole_Sales Representative,MaritalStatus_Married,MaritalStatus_Single,OverTime_Yes,Attrition
28,866,5,3,4,84,3,2,1,8463,23490,0,18,3,4,0,6,4,3,5,4,1,3,False,True,False,True,False,False,True,False,False,True,False,False,False,False,False,False,True,False,False,True,False,0
53,1084,13,2,4,57,4,2,1,4450,26250,1,11,3,3,2,5,3,3,4,2,1,3,False,True,True,False,False,False,True,False,False,False,False,False,False,True,False,False,False,False,False,False,False,0
24,240,22,1,4,58,1,1,3,1555,11585,1,11,3,3,1,1,2,3,1,0,0,0,False,True,False,False,False,False,False,False,False,True,True,False,False,False,False,False,False,False,True,False,False,1
45,1339,7,3,2,59,3,3,1,9724,18787,2,17,3,3,1,25,2,3,1,0,0,0,False,True,True,False,True,False,False,False,False,True,False,False,False,False,False,True,False,False,False,False,False,0
36,1396,5,2,4,62,3,2,2,5914,9945,8,16,3,4,0,16,3,4,13,11,3,7,False,True,True,False,True,False,False,False,False,True,False,True,False,False,False,False,False,False,False,True,False,0
34,204,14,3,3,31,3,1,3,2579,2912,1,18,3,4,2,8,3,3,8,2,0,6,False,True,False,True,False,False,False,False,True,False,False,False,False,False,False,False,False,True,False,False,True,0
35,144,22,3,4,46,1,1,3,4230,19225,0,15,3,3,0,6,2,3,5,4,4,3,False,True,True,False,True,False,False,False,False,True,False,True,False,False,False,False,False,False,False,True,False,0
39,1431,1,4,3,96,3,1,3,2232,15417,7,14,3,3,3,7,1,3,3,2,1,2,False,True,True,False,False,False,True,False,False,False,False,True,False,False,False,False,False,False,False,False,False,0
45,1052,6,3,4,57,2,3,4,8865,16840,6,12,3,4,0,23,2,3,19,7,12,8,False,False,False,True,False,False,True,False,False,False,False,False,False,False,False,False,True,False,False,True,False,0
35,1229,8,1,4,36,4,1,4,2269,4892,1,19,3,4,0,1,2,3,1,0,0,1,False,True,True,False,True,False,False,False,False,True,False,True,False,False,False,False,False,False,True,False,False,0
47,1454,2,4,4,65,2,1,4,3294,13137,1,18,3,1,0,3,3,2,3,2,1,2,False,True,False,True,True,False,False,False,False,False,False,False,False,False,False,False,False,True,False,True,True,0
43,531,4,4,4,56,2,3,4,10231,20364,3,14,3,4,0,23,3,4,21,7,15,17,False,True,False,True,False,True,False,False,False,False,False,False,False,False,False,False,True,False,False,True,False,0
44,625,4,3,4,50,3,2,2,5933,5197,9,12,3,4,0,10,2,2,5,2,2,3,False,True,True,False,False,False,True,False,False,True,False,False,False,False,False,False,False,False,False,True,False,0
40,1171,10,4,4,46,4,1,3,2213,22495,3,13,3,3,1,10,3,3,7,7,1,7,False,True,True,False,True,False,False,False,False,False,False,True,False,False,False,False,False,False,True,False,True,0
22,581,1,2,4,63,3,1,3,3375,17624,0,12,3,4,0,4,2,4,3,2,1,2,False,True,True,False,True,False,False,False,False,True,False,False,False,False,False,True,False,False,False,True,False,0
30,1312,2,4,4,78,2,1,1,4968,26427,0,16,3,4,0,10,2,3,9,7,0,7,True,False,True,False,False,False,False,False,True,False,False,False,False,False,False,True,False,False,False,True,False,0
29,461,1,3,4,70,4,2,3,6294,23060,8,12,3,4,0,10,5,4,3,2,0,2,True,False,True,False,True,False,False,False,False,True,False,False,False,False,False,False,False,False,False,True,True,0
36,885,16,4,3,43,4,1,1,2743,8269,1,16,3,3,0,18,1,3,17,13,15,14,False,True,True,False,True,False,False,False,False,False,False,True,False,False,False,False,False,False,False,True,False,1
47,666,29,4,1,88,3,3,2,11849,10268,1,12,3,4,1,10,2,2,10,7,9,9,False,False,True,False,True,False,False,False,False,True,False,False,True,False,False,False,False,False,True,False,True,1
34,829,15,3,2,71,3,4,1,17007,11929,7,14,3,4,2,16,3,2,14,8,6,9,True,False,True,False,False,False,True,False,False,True,False,False,False,False,True,False,False,False,False,False,False,0
31,307,29,2,3,71,2,1,2,3479,11652,0,11,3,2,0,6,2,4,5,4,1,4,True,False,True,False,False,False,True,False,False,True,False,True,False,False,False,False,False,False,False,True,False,1
47,983,2,2,1,65,3,2,4,5070,7389,5,13,3,3,3,20,2,3,5,0,0,4,False,True,True,False,False,False,True,False,False,False,False,False,False,True,False,False,False,False,False,False,False,0
32,601,7,5,4,97,3,2,4,9204,23343,4,12,3,3,1,7,3,2,4,3,0,3,False,True,False,True,False,True,False,False,False,True,False,False,False,False,False,False,True,False,True,False,False,0
38,322,7,2,1,44,4,2,1,5605,19191,1,24,4,3,1,8,3,3,8,0,7,7,False,True,False,True,False,False,True,False,False,False,False,False,False,False,False,False,True,False,False,False,True,0
33,1242,8,4,1,46,3,2,1,6392,10589,2,13,3,4,1,8,6,1,2,2,2,2,False,True,False,True,True,False,False,False,False,True,False,False,False,False,False,False,True,False,True,False,False,0
55,685,26,5,3,60,2,5,4,19586,23037,1,21,4,3,1,36,3,3,36,6,2,13,False,True,False,True,False,True,False,False,False,True,False,False,True,False,False,False,False,False,True,False,False,0
27,618,4,3,2,76,3,1,3,2318,17808,1,19,3,3,0,1,2,3,1,1,0,0,False,True,True,False,True,False,False,False,False,False,False,False,False,False,False,True,False,False,False,True,False,0
33,586,1,3,1,48,4,2,1,4037,21816,1,22,4,1,1,9,5,3,9,8,0,8,False,True,False,True,False,False,True,False,False,True,False,False,False,False,False,False,True,False,False,False,False,0
44,1467,20,3,4,49,3,1,2,3420,21158,1,13,3,3,0,6,3,2,5,2,1,3,False,True,True,False,True,False,False,False,False,True,False,False,False,False,False,True,False,False,False,True,False,0
34,470,2,4,4,84,2,2,1,5957,23687,6,13,3,2,1,13,3,3,11,9,5,9,False,True,True,False,True,False,False,False,False,True,False,False,False,True,False,False,False,False,True,False,False,0
30,305,16,3,3,58,4,2,3,5294,9128,3,16,3,3,1,10,3,3,7,0,1,7,False,True,True,False,True,False,False,False,False,True,False,False,False,False,False,False,False,False,True,False,False,0
26,1066,2,2,4,32,4,2,4,5472,3334,1,12,3,2,0,8,2,3,8,7,1,3,False,True,True,False,False,False,True,False,False,True,False,False,False,True,False,False,False,False,True,False,False,0
40,791,2,2,3,38,4,2,2,4244,9931,1,24,4,4,1,8,2,3,8,7,3,7,True,False,True,False,False,False,True,False,False,False,False,False,False,False,False,False,False,False,True,False,False,0
37,799,1,3,2,59,3,3,4,7491,23848,4,17,3,4,0,12,3,4,6,5,1,2,False,True,True,False,False,False,False,False,True,False,False,False,False,True,False,False,False,False,False,True,False,0
36,1456,13,5,2,96,2,2,1,6134,8658,5,13,3,2,3,16,3,3,2,2,2,2,False,True,False,True,False,True,False,False,False,True,False,False,False,False,False,False,True,False,False,False,True,1
35,882,3,4,4,92,3,3,4,7823,6812,6,13,3,2,1,12,2,3,10,9,0,8,False,True,False,True,True,False,False,False,False,True,False,False,False,False,False,False,True,False,False,False,False,0
40,218,8,1,4,55,2,3,2,13757,25178,2,11,3,3,1,16,5,3,9,8,4,8,False,False,True,False,False,False,True,False,False,True,False,False,False,False,True,False,False,False,False,False,False,0
41,906,5,2,1,95,2,1,1,2107,20293,6,17,3,1,1,5,2,1,1,0,0,0,False,False,True,False,True,False,False,False,False,True,False,False,False,False,False,True,False,False,False,False,False,1
28,1434,5,4,3,50,3,1,3,3441,11179,1,13,3,3,0,2,3,2,2,2,2,2,False,True,True,False,False,False,False,False,True,True,False,True,False,False,False,False,False,False,False,True,True,1
28,1217,1,3,3,67,3,1,1,3591,12719,1,25,4,3,1,3,3,3,3,2,1,2,False,True,True,False,False,False,True,False,False,False,False,False,False,False,False,True,False,False,True,False,False,0
38,702,1,4,1,59,2,2,4,8686,12930,4,22,4,3,0,12,2,4,8,3,0,7,False,True,False,True,True,False,False,False,False,False,False,False,False,False,False,False,True,False,False,True,False,0
40,1342,9,2,1,47,3,2,1,5473,19345,0,12,3,4,0,9,5,4,8,4,7,1,False,True,False,True,False,False,True,False,False,True,False,False,False,False,False,False,True,False,True,False,False,0
32,1200,1,4,4,62,3,2,1,4087,25174,4,14,3,2,1,9,3,2,6,5,1,2,False,False,True,False,False,False,False,False,True,True,False,False,False,False,False,True,False,False,True,False,False,0
38,1186,3,4,3,44,3,1,3,2821,2997,3,16,3,1,1,8,2,3,2,2,2,2,True,False,True,False,False,False,False,True,False,True,False,False,False,False,False,True,False,False,True,False,False,0
33,350,5,3,4,34,3,1,3,2851,9150,1,13,3,2,0,1,2,3,1,0,0,0,False,True,False,True,False,True,False,False,False,False,False,False,False,False,False,False,False,True,False,True,True,1
38,1327,2,2,4,39,2,2,4,5249,19682,3,18,3,4,1,13,0,3,8,7,7,5,False,False,False,True,True,False,False,False,False,True,False,False,False,False,False,False,True,False,True,False,False,0
40,299,25,4,4,57,2,3,2,9094,17235,2,12,3,3,0,9,2,3,5,4,1,0,False,True,False,True,False,True,False,False,False,True,False,False,False,False,False,False,True,False,False,True,True,1
33,118,16,3,1,69,3,2,1,5324,26507,5,15,3,3,0,6,3,3,3,2,0,2,False,True,False,True,False,True,False,False,False,False,False,False,False,False,False,False,True,False,False,True,False,1
50,562,8,2,2,50,3,2,3,6796,23452,3,14,3,1,1,18,4,3,4,3,1,3,True,False,False,True,False,False,False,False,True,True,False,False,False,False,False,False,True,False,True,False,True,1
19,504,10,3,1,96,2,1,2,1859,6148,1,25,4,2,0,1,2,4,1,1,0,0,False,False,True,False,False,False,True,False,False,False,False,False,False,False,False,True,False,False,False,True,True,1
46,1009,2,3,1,51,3,4,3,17861,2288,6,13,3,3,0,26,2,1,3,2,0,1,False,True,True,False,True,False,False,False,False,True,False,False,False,False,True,False,False,False,True,False,False,0
31,691,5,4,3,86,3,1,4,4821,10077,0,12,3,3,1,6,4,3,5,2,0,3,False,True,True,False,False,False,False,False,True,True,False,False,False,False,False,True,False,False,True,False,True,0
51,684,6,3,1,51,3,5,3,19537,6462,7,13,3,3,0,23,5,3,20,18,15,15,False,True,True,False,True,False,False,False,False,True,False,False,False,False,True,False,False,False,False,True,False,0
34,507,15,2,3,66,3,2,1,6125,23553,1,12,3,4,0,10,6,4,10,8,9,6,False,True,False,True,False,False,True,False,False,False,False,False,False,False,False,False,True,False,False,True,False,0
29,1082,9,4,4,43,3,1,3,2974,25412,9,17,3,3,1,9,2,3,5,3,1,2,False,True,True,False,False,False,True,False,False,False,False,True,False,False,False,False,False,False,True,False,False,0
32,1316,2,2,4,38,3,2,3,4998,2338,4,14,3,4,0,10,2,3,8,7,0,7,True,False,True,False,True,False,False,False,False,False,False,False,False,False,False,True,False,False,False,True,True,0
40,905,19,2,3,99,3,2,4,2741,16523,8,15,3,3,1,15,2,4,7,2,3,7,False,True,True,False,False,False,True,False,False,True,False,True,False,False,False,False,False,False,True,False,True,0
33,1303,7,2,4,36,3,2,3,5968,18079,1,20,4,3,3,9,2,3,9,7,2,8,True,False,True,False,True,False,False,False,False,True,False,False,False,False,False,False,False,False,False,False,False,0
34,970,8,2,2,96,3,2,3,6142,7360,3,11,3,4,0,10,2,3,5,1,4,3,False,True,True,False,False,False,True,False,False,False,False,False,False,False,False,False,False,False,False,True,False,0
39,711,4,3,1,81,3,2,3,5042,3140,0,13,3,4,0,10,2,1,9,2,3,8,True,False,True,False,False,False,True,False,False,False,False,False,False,True,False,False,False,False,False,True,False,0
45,176,4,3,3,56,1,3,3,9756,6595,4,21,4,3,2,9,2,4,5,0,0,3,False,True,False,False,True,False,False,False,False,False,True,False,False,False,False,False,False,False,True,False,False,0
21,1334,10,3,3,36,2,1,1,1416,17258,1,13,3,1,0,1,6,2,1,0,1,0,False,True,True,False,True,False,False,False,False,False,False,True,False,False,False,False,False,False,False,True,False,1
31,1445,1,5,3,100,4,3,2,7446,8931,1,11,3,1,0,10,2,3,10,8,4,7,True,False,True,False,True,False,False,False,False,False,False,False,False,True,False,False,False,False,False,True,False,1
50,691,2,3,3,64,3,4,3,17639,6881,5,16,3,4,0,30,3,3,4,3,0,3,False,True,True,False,False,False,True,False,False,True,False,False,False,False,True,False,False,False,True,False,False,0
37,1141,11,2,1,61,1,2,2,4777,14382,5,15,3,1,0,15,2,1,1,0,0,0,False,True,True,False,False,False,True,False,False,False,False,False,False,False,False,False,False,False,True,False,False,1
35,556,23,2,2,50,2,2,3,5916,15497,3,13,3,1,0,8,1,3,1,0,0,1,False,True,True,False,True,False,False,False,False,True,False,False,False,True,False,False,False,False,True,False,True,1
27,1130,8,4,2,56,3,2,2,6214,3415,1,18,3,1,1,8,3,3,8,7,0,7,False,True,False,True,False,True,False,False,False,False,False,False,False,False,False,False,True,False,True,False,False,0
37,783,7,4,4,78,3,2,1,4284,13588,5,22,4,3,1,16,2,3,5,3,0,4,False,True,True,False,False,False,True,False,False,True,False,False,False,False,False,True,False,False,True,False,True,0
28,1117,8,2,4,66,3,1,4,3310,4488,1,21,4,4,0,5,3,3,5,3,0,2,False,True,True,False,True,False,False,False,False,False,False,False,False,False,False,True,False,False,False,True,False,0
40,898,6,2,3,38,3,4,4,16437,17381,1,21,4,4,0,21,2,3,21,7,7,7,False,True,False,False,False,False,True,False,False,True,False,False,True,False,False,False,False,False,False,True,True,0
36,335,17,2,3,33,2,2,2,5507,16822,2,16,3,3,2,12,1,1,4,2,1,3,False,True,False,True,False,True,False,False,False,True,False,False,False,False,False,False,True,False,True,False,False,0
46,705,2,4,2,83,3,5,1,18947,22822,3,12,3,4,0,22,2,2,2,2,2,1,False,True,False,True,False,True,False,False,False,False,False,False,True,False,False,False,False,False,False,True,False,0
37,558,2,3,4,75,3,2,3,9602,3010,4,11,3,3,1,17,3,2,3,0,1,0,False,True,False,True,False,True,False,False,False,True,False,False,False,False,False,False,True,False,True,False,True,0
35,776,1,4,3,32,2,2,1,4312,23016,0,14,3,2,0,16,2,3,15,13,2,8,False,True,False,True,False,True,False,False,False,True,False,False,False,False,False,False,True,False,False,True,False,0
29,1329,7,3,3,82,3,2,4,6623,4204,1,11,3,2,2,6,2,3,6,0,1,0,False,True,True,False,True,False,False,False,False,True,False,False,False,False,False,False,False,False,False,False,True,0
55,836,8,3,4,33,3,4,3,14756,19730,2,14,3,3,3,21,2,3,5,0,0,2,False,True,True,False,False,False,True,False,False,False,False,False,True,False,False,False,False,False,False,False,True,0
34,426,10,4,3,42,4,2,4,4724,17000,1,13,3,1,1,9,3,3,9,7,7,2,True,False,True,False,True,False,False,False,False,True,False,False,False,True,False,False,False,False,False,False,False,0
34,1111,8,2,3,93,3,2,1,6500,13305,5,17,3,2,1,6,1,3,3,2,1,2,False,True,False,True,True,False,False,False,False,False,False,False,False,False,False,False,True,False,True,False,False,0
36,363,1,3,3,77,1,3,1,10252,4235,2,21,4,3,1,17,2,3,7,7,7,7,False,True,True,False,False,False,False,False,True,False,False,False,False,True,False,False,False,False,False,False,True,0
30,634,17,4,2,95,3,3,1,11916,25927,1,23,4,4,2,9,2,3,9,1,0,8,False,True,True,False,False,False,True,False,False,False,False,False,True,False,False,False,False,False,True,False,True,0
53,1223,7,2,4,50,3,5,3,18606,18640,3,18,3,2,1,26,6,3,7,7,4,7,False,True,True,False,False,False,True,False,False,False,False,False,True,False,False,False,False,False,False,False,False,0
39,141,3,3,3,44,4,2,2,6389,18767,9,15,3,3,1,12,3,1,8,3,3,6,False,True,False,False,False,False,False,False,False,False,True,False,False,False,False,False,False,False,True,False,False,0
58,605,21,3,4,72,3,4,4,17875,11761,4,13,3,3,1,29,2,2,1,0,0,0,False,True,False,True,True,False,False,False,False,False,False,False,True,False,False,False,False,False,True,False,True,0
25,622,13,1,2,40,3,1,3,2096,26376,1,11,3,3,0,7,1,3,7,4,0,6,False,True,False,True,False,False,True,False,False,True,False,False,False,False,False,False,False,True,True,False,False,0
29,408,23,1,4,45,2,3,1,7336,11162,1,13,3,1,1,11,3,1,11,8,3,10,False,True,False,True,True,False,False,False,False,False,False,False,False,False,False,False,True,False,True,False,False,1
44,981,5,3,3,90,2,1,3,3162,7973,3,14,3,4,0,7,5,3,5,2,0,3,False,False,True,False,True,False,False,False,False,True,False,True,False,False,False,False,False,False,False,True,False,0
41,1206,23,2,4,80,3,3,3,7082,11591,3,16,3,4,0,21,2,3,2,0,0,2,False,True,False,True,True,False,False,False,False,True,False,False,False,False,False,False,True,False,False,True,True,0
44,1112,1,4,1,50,2,2,3,5985,26894,4,11,3,2,0,10,1,4,2,2,0,2,False,True,False,False,True,False,False,False,False,False,True,False,False,False,False,False,False,False,False,True,False,0
32,638,8,2,3,91,4,2,3,5175,22162,5,12,3,3,1,9,3,2,5,3,1,3,False,True,True,False,False,False,True,False,False,False,False,False,False,False,False,True,False,False,True,False,False,0
30,721,1,2,3,58,3,2,4,4011,10781,1,23,4,4,0,12,2,3,12,8,3,7,True,False,True,False,False,False,True,False,False,False,False,True,False,False,False,False,False,False,False,True,False,0
37,1115,1,4,1,51,2,2,3,5993,2689,1,18,3,3,1,7,2,4,7,5,0,7,False,True,True,False,True,False,False,False,False,True,False,False,False,True,False,False,False,False,False,False,False,0
21,391,15,2,3,96,3,1,4,1232,19281,1,14,3,4,0,0,6,3,0,0,0,0,False,True,True,False,True,False,False,False,False,True,False,False,False,False,False,True,False,False,False,True,False,0
39,119,15,4,2,77,3,4,1,13341,25098,0,12,3,1,0,21,3,3,20,8,11,10,False,True,False,True,False,True,False,False,False,True,False,False,False,False,False,False,True,False,False,True,False,0
30,202,2,1,3,72,3,1,2,2476,17434,1,18,3,1,1,1,3,3,1,0,0,0,False,True,False,True,False,False,False,False,True,True,False,False,False,False,False,False,False,True,True,False,False,0
37,1189,3,3,3,87,3,3,4,7428,14506,2,12,3,1,0,12,3,3,5,3,1,3,False,True,False,True,True,False,False,False,False,True,False,False,False,False,False,False,True,False,False,True,False,0
31,1232,7,4,3,39,3,3,4,7143,25713,1,14,3,3,0,11,2,2,11,9,4,10,False,True,True,False,False,False,True,False,False,False,False,False,False,True,False,False,False,False,False,True,True,0
29,1246,19,3,3,77,2,2,3,8620,23757,1,14,3,3,2,10,3,3,10,7,0,4,False,True,False,True,True,False,False,False,False,True,False,False,False,False,False,False,True,False,False,False,False,0
37,1063,25,5,2,72,3,2,3,4449,23866,3,15,3,1,2,15,2,3,13,11,10,7,False,False,True,False,False,False,True,False,False,False,False,False,False,False,False,True,False,False,True,False,True,0
47,571,14,3,3,78,3,2,3,4591,24200,3,17,3,3,1,11,4,2,5,4,1,2,False,True,False,True,False,False,True,False,False,False,False,False,False,False,False,False,True,False,True,False,True,0
46,1125,10,3,3,94,2,3,4,9071,11563,2,19,3,3,1,15,3,3,3,2,1,2,False,True,False,True,False,True,False,False,False,False,False,False,False,False,False,False,True,False,True,False,True,0
55,452,1,3,4,81,3,5,1,19045,18938,0,14,3,3,0,37,2,3,36,10,4,13,False,True,True,False,False,False,True,False,False,True,False,False,True,False,False,False,False,False,False,True,True,0
28,950,3,3,4,93,3,3,2,7655,8039,0,17,3,2,3,10,3,2,9,7,1,7,False,True,True,False,False,False,True,False,False,False,False,False,False,True,False,False,False,False,False,False,False,0
49,1184,11,3,3,43,3,3,4,7654,5860,1,18,3,1,2,9,3,4,9,8,7,7,False,True,False,True,False,True,False,False,False,False,False,False,False,False,False,False,True,False,True,False,False,1
27,1291,11,3,3,98,4,1,4,2534,6527,8,14,3,2,1,5,4,3,1,0,0,0,False,True,False,True,False,False,True,False,False,False,False,False,False,False,False,False,False,True,True,False,False,0
48,1355,4,4,3,78,2,3,3,10999,22245,7,14,3,2,0,27,3,3,15,11,4,8,False,True,True,False,True,False,False,False,False,True,False,False,False,False,False,False,False,False,False,True,False,0
38,770,10,4,3,73,2,3,3,8740,5569,0,14,3,2,2,9,2,3,8,7,2,7,False,True,False,True,False,True,False,False,False,True,False,False,False,False,False,False,True,False,False,False,True,0
46,1144,7,4,3,30,3,2,3,5258,16044,2,14,3,3,0,7,2,4,1,0,0,0,False,False,True,False,False,False,True,False,False,False,False,False,False,True,False,False,False,False,True,False,False,0
32,1318,10,4,4,79,3,2,4,4648,26075,8,13,3,3,0,4,2,4,0,0,0,0,True,False,False,True,False,True,False,False,False,True,False,False,False,False,False,False,True,False,False,True,False,0
37,397,7,4,1,30,3,3,3,13664,25258,4,13,3,1,0,16,3,4,5,2,0,2,False,True,True,False,False,False,True,False,False,True,False,False,False,False,True,False,False,False,False,True,False,0
45,252,1,3,3,70,4,5,4,19202,15970,0,11,3,3,1,25,2,3,24,0,1,7,False,True,True,False,False,False,False,True,False,True,False,False,True,False,False,False,False,False,True,False,False,0
35,763,15,2,1,59,1,2,4,5440,22098,6,14,3,4,2,7,2,2,2,2,2,2,False,True,False,True,False,False,True,False,False,True,False,False,False,False,False,False,True,False,False,False,True,1
45,1015,5,5,3,50,1,2,1,5769,23447,1,14,3,1,0,10,3,3,10,7,1,4,False,True,True,False,False,False,True,False,False,False,False,True,False,False,False,False,False,False,False,True,True,0
31,1188,20,2,4,45,3,2,3,6932,24406,1,13,3,4,1,9,2,2,9,8,0,0,False,False,False,True,False,True,False,False,False,False,False,False,False,False,False,False,True,False,True,False,False,0
30,1176,20,3,3,85,3,2,1,9957,9096,0,15,3,3,1,7,1,2,6,2,0,2,False,True,True,False,False,False,False,True,False,True,False,False,False,True,False,False,False,False,True,False,False,0
38,1490,2,2,4,42,3,1,4,1702,12106,1,23,4,3,1,1,3,3,1,0,0,0,True,False,True,False,True,False,False,False,False,True,False,True,False,False,False,False,False,False,True,False,True,0
45,1316,29,3,3,83,3,1,4,3452,9752,5,13,3,2,0,9,2,2,6,5,0,3,False,True,True,False,False,False,True,False,False,True,False,False,False,False,False,True,False,False,False,True,False,0
59,1225,1,1,1,57,2,2,3,5473,24668,7,11,3,4,0,20,2,2,4,3,1,3,True,False,False,True,True,False,False,False,False,False,False,False,False,False,False,False,True,False,False,True,False,0
29,1389,21,4,2,51,4,3,1,9980,10195,1,11,3,3,1,10,1,3,10,9,8,8,False,True,True,False,True,False,False,False,False,False,False,False,False,True,False,False,False,False,False,False,False,0
49,809,1,3,3,36,3,4,3,15379,22384,4,14,3,1,0,23,2,3,8,7,0,0,False,True,True,False,True,False,False,False,False,True,False,False,True,False,False,False,False,False,False,True,False,0
33,1099,4,4,1,82,2,1,2,3838,8192,8,11,3,4,0,8,5,3,5,4,0,2,False,True,True,False,False,False,True,False,False,False,False,True,False,False,False,False,False,False,True,False,False,0
56,1255,1,2,1,90,3,1,1,2066,10494,2,22,4,4,1,5,3,4,3,2,1,0,False,True,True,False,True,False,False,False,False,False,False,False,False,False,False,True,False,False,True,False,False,0
34,943,9,3,4,86,3,3,4,8500,5494,0,11,3,4,1,10,0,2,9,7,1,6,False,True,True,False,True,False,False,False,False,True,False,False,False,False,False,False,False,False,False,False,False,0
51,968,6,2,2,40,2,1,3,2838,4257,0,14,3,2,0,8,6,2,7,0,7,7,True,False,True,False,False,False,True,False,False,False,False,True,False,False,False,False,False,False,False,True,False,0
53,661,1,4,1,60,2,4,3,12965,22308,4,20,4,4,3,27,2,2,3,2,0,2,False,False,True,False,False,False,True,False,False,False,False,False,False,True,False,False,False,False,True,False,True,0
38,240,2,4,1,75,4,2,1,5980,26085,6,12,3,4,0,17,2,3,15,7,4,12,True,False,True,False,True,False,False,False,False,False,False,False,False,True,False,False,False,False,False,True,True,0
19,489,2,2,1,52,2,1,4,2564,18437,1,12,3,3,0,1,3,4,1,0,0,0,False,True,False,False,False,False,False,False,True,True,True,False,False,False,False,False,False,False,False,True,False,1
25,1356,10,4,3,57,3,2,4,4950,20623,0,14,3,2,0,5,4,3,4,3,1,1,False,True,False,True,True,False,False,False,False,True,False,False,False,False,False,False,True,False,False,True,False,0
39,203,2,3,1,84,3,4,4,12169,13547,7,11,3,4,3,21,4,3,18,7,11,5,True,False,True,False,True,False,False,False,False,True,False,False,False,False,False,False,False,False,False,False,False,1
39,408,2,4,4,80,2,2,3,4553,20978,1,11,3,1,0,20,4,3,20,7,11,10,False,True,True,False,False,False,False,False,True,False,False,False,False,False,False,False,False,False,False,True,False,0
31,218,7,3,2,100,4,2,4,6929,12241,4,11,3,2,1,10,3,2,8,7,7,7,False,True,False,True,False,False,False,False,True,True,False,False,False,False,False,False,True,False,True,False,False,0
29,574,20,1,4,40,3,1,4,3812,7003,1,13,3,2,0,11,3,4,11,8,3,10,True,False,True,False,False,False,True,False,False,True,False,True,False,False,False,False,False,False,True,False,False,0
18,1431,14,3,2,33,3,1,3,1514,8018,1,16,3,3,0,0,4,1,0,0,0,0,False,False,True,False,False,False,True,False,False,False,False,False,False,False,False,True,False,False,False,True,False,0
60,1499,28,3,3,80,2,3,1,10266,2845,4,19,3,4,0,22,5,4,18,13,13,11,True,False,False,True,False,True,False,False,False,False,False,False,False,False,False,False,True,False,True,False,False,0
33,827,29,4,1,54,2,2,3,4508,3129,1,22,4,2,0,14,4,3,13,7,3,8,True,False,True,False,False,False,True,False,False,False,False,False,False,False,False,True,False,False,False,True,False,1
26,1384,3,4,1,82,4,1,4,4420,13421,1,22,4,2,1,8,2,3,8,7,0,7,False,True,True,False,False,False,True,False,False,True,False,True,False,False,False,False,False,False,True,False,False,0
34,285,29,3,2,86,3,2,3,5429,17491,4,13,3,1,2,10,1,3,8,7,7,7,False,True,True,False,False,False,True,False,False,True,False,True,False,False,False,False,False,False,True,False,False,0
21,996,3,2,4,100,2,1,3,3230,10531,1,17,3,1,0,3,4,4,3,2,1,0,False,True,True,False,False,False,True,False,False,True,False,False,False,False,False,True,False,False,False,True,False,0
31,534,20,3,1,66,3,3,3,9824,22908,3,12,3,1,0,12,2,3,1,0,0,0,True,False,True,False,True,False,False,False,False,True,False,False,False,False,False,False,False,False,True,False,False,1
42,544,2,1,3,52,3,1,3,2696,24017,0,11,3,3,1,4,5,3,3,2,1,0,False,True,False,False,False,False,False,False,True,True,True,False,False,False,False,False,False,False,False,False,True,0
50,939,24,3,4,95,3,4,3,13973,4161,3,18,3,4,1,22,2,3,12,11,1,5,False,True,True,False,True,False,False,False,False,True,False,False,False,True,False,False,False,False,True,False,True,0
28,791,1,4,4,44,3,1,3,2154,6842,0,11,3,3,0,5,2,2,4,2,0,2,True,False,True,False,False,False,True,False,False,True,False,True,False,False,False,False,False,False,False,True,True,0
42,319,24,3,4,56,3,3,1,7406,6950,1,21,4,4,1,10,5,2,10,9,5,8,False,True,True,False,False,False,True,False,False,True,False,False,False,True,False,False,False,False,True,False,True,0
36,894,1,4,4,33,2,2,3,4374,15411,0,15,3,3,0,4,6,3,3,2,1,2,False,False,True,False,False,False,True,False,False,False,False,False,False,True,False,False,False,False,True,False,False,0
27,994,8,3,4,37,3,3,3,8726,2975,1,15,3,4,0,9,0,3,9,8,1,7,True,False,False,True,True,False,False,False,False,True,False,False,False,False,False,False,True,False,False,True,False,0
49,465,6,1,3,41,2,4,3,13966,11652,2,19,3,2,1,30,3,3,15,11,2,12,False,True,True,False,True,False,False,False,False,False,False,False,False,False,False,False,False,False,True,False,True,0
32,953,5,4,2,65,3,1,2,2718,17674,2,14,3,2,0,12,3,3,7,7,0,7,False,False,True,False,False,False,False,False,True,True,False,False,False,False,False,True,False,False,False,True,False,0
54,928,20,4,4,31,3,2,3,4869,16885,3,12,3,4,0,20,4,2,4,3,0,3,True,False,True,False,True,False,False,False,False,False,False,False,False,False,False,True,False,False,False,True,False,0
21,251,10,2,1,45,2,1,3,2625,25308,1,20,4,3,0,2,2,1,2,2,2,2,True,False,True,False,True,False,False,False,False,False,False,True,False,False,False,False,False,False,False,True,False,1
32,827,1,1,4,71,3,1,1,2956,15178,1,13,3,4,0,1,2,3,1,0,0,0,False,True,True,False,True,False,False,False,False,True,False,False,False,False,False,True,False,False,False,True,False,0
25,240,5,3,3,46,2,2,3,5744,26959,1,11,3,4,0,6,1,3,6,4,0,3,False,True,False,True,False,True,False,False,False,True,False,False,False,False,False,False,True,False,False,True,True,1
32,906,7,3,4,91,2,2,3,5484,16985,1,14,3,3,1,13,3,2,13,8,4,8,False,True,False,True,True,False,False,False,False,True,False,False,False,False,False,False,True,False,True,False,False,0
46,377,9,3,1,52,3,3,4,10096,15986,4,11,3,1,1,28,1,4,7,7,4,3,False,True,False,True,False,True,False,False,False,True,False,False,False,False,False,False,True,False,False,False,False,1
56,713,8,3,3,67,3,1,1,4257,13939,4,18,3,3,1,19,3,3,2,2,2,2,False,True,True,False,True,False,False,False,False,False,False,False,False,False,False,True,False,False,False,False,True,0
32,515,1,3,4,62,2,1,3,3730,9571,0,14,3,4,0,4,2,1,3,2,1,2,False,True,True,False,True,False,False,False,False,True,False,True,False,False,False,False,False,False,False,True,True,1
39,1498,21,4,1,44,2,2,4,6120,3567,3,12,3,4,2,8,2,4,5,4,1,4,False,True,False,True,True,False,False,False,False,True,False,False,False,False,False,False,True,False,True,False,True,0
25,688,3,3,1,91,3,1,1,4031,9396,5,13,3,3,1,6,5,3,2,2,0,2,False,True,True,False,False,False,True,False,False,True,False,True,False,False,False,False,False,False,True,False,False,1
31,1003,5,3,1,51,3,2,3,8346,20943,1,19,3,3,1,6,3,3,5,2,0,2,False,True,False,True,False,False,False,False,True,True,False,False,False,False,False,False,True,False,True,False,False,0
22,594,2,1,3,100,3,1,4,2523,19299,0,14,3,3,1,3,2,3,2,1,2,1,False,True,True,False,False,False,False,False,True,True,False,True,False,False,False,False,False,False,True,False,False,0
46,430,1,4,4,40,3,5,4,19627,21445,9,17,3,4,2,23,0,3,2,2,2,2,False,True,True,False,False,False,True,False,False,True,False,False,False,False,True,False,False,False,False,False,False,0
32,1062,2,3,3,75,3,1,2,2370,3956,1,13,3,3,1,8,4,3,8,0,0,7,False,True,True,False,False,False,True,False,False,False,False,True,False,False,False,False,False,False,True,False,False,0
38,903,2,3,3,81,3,2,2,4855,7653,4,11,3,1,2,7,2,3,5,2,1,4,False,True,True,False,False,False,True,False,False,True,False,False,False,True,False,False,False,False,True,False,False,1
34,258,21,4,4,74,4,2,4,5337,19921,1,12,3,4,0,10,3,3,10,7,5,7,False,True,False,True,True,False,False,False,False,True,False,False,False,False,False,False,True,False,False,True,False,0
45,589,2,4,3,67,3,2,3,5154,19665,4,22,4,2,2,10,3,4,8,7,5,7,False,False,False,True,True,False,False,False,False,False,False,False,False,False,False,False,True,False,True,False,False,0
49,464,16,3,4,74,3,1,1,2587,24941,4,16,3,2,1,17,2,2,2,2,2,2,False,True,True,False,False,False,True,False,False,False,False,True,False,False,False,False,False,False,False,False,True,0
34,1157,5,2,2,57,2,2,4,3986,11912,1,14,3,3,1,15,3,4,15,10,4,13,False,True,True,False,False,False,True,False,False,True,False,True,False,False,False,False,False,False,True,False,False,0
30,946,2,3,3,52,2,2,4,6877,20234,5,24,4,2,0,12,4,2,0,0,0,0,False,True,True,False,False,False,True,False,False,False,False,False,False,True,False,False,False,False,False,True,True,0
30,125,9,2,4,83,2,1,3,2206,16117,1,13,3,1,0,10,5,3,10,0,1,8,False,True,True,False,False,False,True,False,False,True,False,True,False,False,False,False,False,False,False,True,False,0
39,835,19,4,4,41,3,2,4,3902,5141,8,14,3,2,3,7,2,3,2,2,2,2,False,True,True,False,False,False,False,True,False,True,False,False,False,False,False,True,False,False,False,False,False,0
50,1099,29,4,2,88,2,4,3,17046,9314,0,15,3,2,1,28,2,3,27,10,15,7,False,True,True,False,True,False,False,False,False,True,False,False,True,False,False,False,False,False,True,False,False,0
35,1296,5,4,3,62,3,3,2,8095,18264,0,13,3,4,0,17,5,3,16,6,0,13,False,True,True,False,False,False,False,False,True,True,False,False,False,True,False,False,False,False,False,True,False,0
37,1319,6,3,3,51,4,2,1,5974,17001,4,13,3,1,2,13,2,3,7,7,6,7,False,True,True,False,False,False,True,False,False,True,False,False,False,False,False,True,False,False,False,False,True,0
40,1137,1,4,1,98,3,4,1,16823,18991,2,11,3,1,1,22,3,3,19,7,11,16,False,True,True,False,True,False,False,False,False,True,False,False,True,False,False,False,False,False,False,False,False,0
35,1490,11,4,4,43,3,1,3,2660,20232,7,11,3,3,1,5,3,3,2,2,2,2,False,True,True,False,False,False,True,False,False,True,False,True,False,False,False,False,False,False,True,False,True,0
24,477,24,3,4,49,3,1,2,3597,6409,8,22,4,4,0,6,2,3,4,3,1,2,False,True,True,False,False,False,True,False,False,True,False,True,False,False,False,False,False,False,False,True,False,0
32,1018,2,4,1,74,4,2,4,5055,10557,7,16,3,3,0,10,0,2,7,7,0,7,False,True,True,False,False,False,True,False,False,False,False,False,False,False,False,True,False,False,False,True,False,0
34,1440,7,2,2,55,3,1,3,2308,4944,0,25,4,2,1,12,4,3,11,10,5,7,False,True,False,True,False,False,False,False,True,True,False,False,False,False,False,False,False,True,True,False,True,0
34,1351,1,4,2,45,3,2,4,5484,13008,9,17,3,2,1,9,3,2,2,2,2,1,False,True,True,False,True,False,False,False,False,True,False,False,False,False,False,True,False,False,True,False,False,0
57,334,24,2,3,83,4,3,4,9439,23402,3,16,3,2,1,12,2,1,5,3,1,4,False,True,True,False,True,False,False,False,False,True,False,False,False,False,False,False,False,False,False,False,True,0
41,796,4,1,3,81,3,3,3,10447,26458,0,13,3,4,1,23,3,4,22,14,13,5,False,True,False,True,False,True,False,False,False,False,False,False,False,False,False,False,True,False,False,False,True,0
24,567,2,1,1,32,3,1,4,3760,17218,1,13,3,3,0,6,2,3,6,3,1,3,True,False,True,False,False,False,False,False,True,False,False,False,False,False,False,True,False,False,False,True,True,0
56,1369,23,3,4,68,3,4,2,13402,18235,4,12,3,1,1,33,0,3,19,16,15,9,False,True,True,False,True,False,False,False,False,True,False,False,False,True,False,False,False,False,True,False,True,0
28,304,9,4,2,92,3,2,4,5253,20750,1,16,3,4,0,7,1,3,7,5,0,7,False,True,False,True,True,False,False,False,False,True,False,False,False,False,False,False,True,False,False,True,False,0
42,532,4,2,3,58,3,5,4,19232,4933,1,11,3,4,0,22,3,3,22,17,11,15,False,True,True,False,False,False,False,False,True,True,False,False,True,False,False,False,False,False,True,False,False,0
39,1089,6,3,2,32,3,3,2,8376,9150,4,18,3,4,0,9,3,3,2,0,2,2,False,True,True,False,True,False,False,False,False,False,False,False,False,True,False,False,False,False,False,True,False,0
35,1232,16,3,3,96,3,3,2,8020,5100,0,15,3,3,2,12,3,2,11,9,6,9,False,True,False,True,False,True,False,False,False,True,False,False,False,False,False,False,True,False,True,False,False,0
27,443,3,3,4,50,3,1,4,1706,16571,1,11,3,3,3,0,6,2,0,0,0,0,False,False,True,False,False,False,True,False,False,True,False,False,False,False,False,True,False,False,True,False,False,0
40,448,16,3,3,84,3,3,4,7945,19948,6,15,3,4,0,18,2,2,4,2,3,3,False,True,True,False,True,False,False,False,False,False,False,False,False,True,False,False,False,False,False,True,True,0
50,1046,10,3,4,100,2,3,4,10496,2755,6,15,3,4,0,20,2,3,4,3,1,3,False,True,True,False,False,False,False,False,True,True,False,False,False,False,False,False,False,False,False,True,False,0
46,261,21,2,4,66,3,2,2,8926,10842,4,22,4,4,1,13,2,4,9,7,3,7,False,True,True,False,False,False,True,False,False,False,False,False,False,False,False,False,False,False,True,False,False,1
28,857,10,3,3,59,3,2,3,3660,7909,3,13,3,4,0,10,4,4,8,7,1,7,False,True,True,False,False,False,False,True,False,False,False,False,False,False,False,True,False,False,False,True,False,0
40,1194,1,3,3,52,3,2,4,6513,9060,4,17,3,4,1,12,3,3,5,3,0,3,False,True,True,False,True,False,False,False,False,False,False,False,False,False,False,False,False,False,False,False,False,0
59,1435,25,3,1,99,3,3,1,7637,2354,7,11,3,4,0,28,3,2,21,16,7,9,False,True,False,True,True,False,False,False,False,False,False,False,False,False,False,False,True,False,False,True,False,0
29,332,17,3,2,51,2,3,1,7988,9769,1,13,3,1,0,10,3,2,10,9,0,9,False,True,False,False,False,False,False,True,False,True,True,False,False,False,False,False,False,False,False,True,False,0
42,557,18,4,4,35,3,2,1,5410,11189,6,17,3,3,1,9,3,2,4,3,1,2,False,True,True,False,True,False,False,False,False,True,False,False,False,False,False,True,False,False,False,False,True,0
28,1083,29,1,3,96,1,2,2,6549,3173,1,14,3,2,2,8,2,2,8,6,1,7,False,True,True,False,True,False,False,False,False,True,False,False,False,True,False,False,False,False,True,False,False,0
44,111,17,3,4,74,1,1,3,2290,4279,2,13,3,4,0,6,3,3,0,0,0,0,False,False,True,False,True,False,False,False,False,True,False,False,False,False,False,True,False,False,False,True,False,0
48,969,2,2,4,76,4,1,2,2559,16620,5,11,3,3,0,7,4,2,1,0,0,0,False,True,True,False,False,False,False,False,True,True,False,True,False,False,False,False,False,False,False,True,False,0
42,570,8,3,2,66,3,5,4,18430,16225,1,13,3,2,1,24,4,2,24,7,14,9,True,False,True,False,True,False,False,False,False,True,False,False,True,False,False,False,False,False,False,False,False,0
35,817,1,3,4,60,2,2,4,5363,10846,0,12,3,2,1,10,0,3,9,7,0,0,False,True,True,False,False,False,True,False,False,False,False,True,False,False,False,False,False,False,True,False,False,0
38,1261,2,4,4,88,3,2,3,6553,7259,9,14,3,2,0,14,3,3,1,0,0,0,False,True,True,False,True,False,False,False,False,True,False,False,False,True,False,False,False,False,True,False,False,0
44,381,24,3,1,49,1,1,3,3708,2104,2,14,3,3,0,9,5,3,5,2,1,4,False,False,True,False,False,False,True,False,False,True,False,True,False,False,False,False,False,False,False,True,False,0
35,1182,11,2,4,54,3,2,4,4968,18500,1,11,3,4,1,5,3,3,5,2,0,2,True,False,False,True,False,True,False,False,False,True,False,False,False,False,False,False,True,False,False,False,False,0
34,131,2,3,3,86,3,2,1,4538,6039,0,12,3,4,0,4,3,3,3,2,0,2,False,True,False,True,False,True,False,False,False,False,False,False,False,False,False,False,True,False,False,True,True,0
41,314,1,3,4,59,2,5,3,19189,19562,1,12,3,2,1,22,3,3,22,7,2,10,False,True,False,False,False,False,False,False,False,True,False,False,True,False,False,False,False,False,True,False,False,0
53,970,7,3,3,59,4,4,3,14814,13514,3,19,3,3,0,32,3,3,5,1,1,3,False,True,True,False,True,False,False,False,False,True,False,False,False,False,True,False,False,False,True,False,False,0
33,924,2,3,3,78,3,1,4,2496,6670,4,11,3,4,0,7,3,3,1,1,0,0,False,True,True,False,False,False,True,False,False,True,False,True,False,False,False,False,False,False,False,True,False,0
35,853,18,5,2,71,3,3,1,9069,11031,1,22,4,4,1,9,3,2,9,8,1,8,True,False,False,True,True,False,False,False,False,True,False,False,False,False,False,False,True,False,True,False,False,0
26,786,7,3,4,76,3,1,4,2570,11925,1,20,4,3,0,7,5,3,7,7,5,7,False,False,True,False,False,False,True,False,False,True,False,True,False,False,False,False,False,False,False,True,False,0
42,748,9,2,1,74,3,1,4,3673,16458,1,13,3,3,0,12,3,3,12,9,5,8,True,False,True,False,False,False,True,False,False,False,False,True,False,False,False,False,False,False,False,True,False,0
60,422,7,3,1,41,3,5,1,19566,3854,5,11,3,4,0,33,5,1,29,8,11,10,False,True,True,False,True,False,False,False,False,False,False,False,True,False,False,False,False,False,True,False,False,0
42,288,2,3,4,40,3,3,4,10124,18611,2,14,3,3,1,24,3,1,20,8,13,9,True,False,True,False,True,False,False,False,False,True,False,False,False,False,False,False,False,False,True,False,True,0
34,296,6,2,4,33,1,1,3,2351,12253,0,16,3,4,1,3,3,2,2,2,1,0,True,False,False,True,False,True,False,False,False,False,False,False,False,False,False,False,False,True,False,False,False,1
25,882,19,1,4,67,3,1,4,3669,9075,3,11,3,3,3,7,6,2,3,2,1,2,False,True,True,False,False,False,True,False,False,True,False,True,False,False,False,False,False,False,True,False,False,0
38,130,2,2,4,32,3,3,2,7351,20619,7,16,3,3,0,10,2,3,1,0,0,0,False,True,False,True,False,True,False,False,False,True,False,False,False,False,False,False,True,False,False,True,False,0
31,325,5,3,2,74,3,2,1,9936,3787,0,19,3,2,0,10,2,3,9,4,1,7,False,False,True,False,False,False,True,False,False,True,False,False,False,True,False,False,False,False,False,True,False,0
30,1116,2,3,3,49,3,1,4,2564,7181,0,14,3,3,0,12,2,2,11,7,6,7,False,False,True,False,False,False,True,False,False,False,False,True,False,False,False,False,False,False,False,True,False,0
36,845,1,5,4,45,3,2,4,6653,15276,4,15,3,2,0,7,6,3,1,0,0,0,False,False,False,True,False,False,True,False,False,False,False,False,False,False,False,False,True,False,False,True,False,0
40,1202,2,1,2,89,4,2,3,6377,13888,5,20,4,2,3,15,0,3,12,11,11,8,False,True,True,False,False,False,True,False,False,False,False,False,False,False,False,False,False,False,False,False,False,0
31,106,2,3,1,62,2,2,1,6410,17822,3,12,3,4,0,9,1,3,2,2,1,0,False,True,False,False,False,False,False,False,False,True,True,False,False,False,False,False,False,False,True,False,False,0
49,1490,7,4,3,35,3,3,2,10466,20948,3,14,3,2,2,29,3,3,8,7,0,7,False,True,True,False,True,False,False,False,False,True,False,False,False,False,False,False,False,False,False,False,False,0
44,489,23,3,2,67,3,2,2,2042,25043,4,12,3,3,1,17,3,4,3,2,1,2,False,False,True,False,False,False,True,False,False,True,False,True,False,False,False,False,False,False,True,False,False,0
24,1287,7,3,1,55,3,1,3,2886,14168,1,16,3,4,1,6,4,3,6,3,1,2,True,False,True,False,True,False,False,False,False,False,False,True,False,False,False,False,False,False,True,False,True,1
37,728,1,4,1,80,3,3,4,13603,11677,2,18,3,1,2,15,2,3,5,2,0,2,False,False,True,False,False,False,True,False,False,False,False,False,False,False,True,False,False,False,False,False,True,0
29,115,13,3,1,51,3,2,2,5765,17485,5,11,3,1,0,7,4,1,5,3,0,0,True,False,False,True,False,False,False,False,True,False,False,False,False,False,False,False,True,False,False,True,False,1
38,508,6,4,1,72,2,2,3,5321,14284,2,11,3,4,1,10,1,3,8,3,7,7,True,False,True,False,True,False,False,False,False,True,False,False,False,True,False,False,False,False,True,False,False,0
27,1103,14,3,1,42,3,1,1,2235,14377,1,14,3,4,2,9,3,2,9,7,6,8,False,True,True,False,True,False,False,False,False,True,False,False,False,False,False,True,False,False,True,False,True,0
30,855,7,4,4,73,3,2,1,4779,12761,7,14,3,2,2,8,3,3,3,2,0,2,False,True,False,True,False,True,False,False,False,False,False,False,False,False,False,False,True,False,False,False,False,0
32,824,5,2,4,67,2,2,2,5878,15624,3,12,3,1,1,12,2,3,7,1,2,5,False,True,True,False,True,False,False,False,False,False,False,False,False,False,False,True,False,False,True,False,False,0
35,1212,8,2,3,78,2,3,4,10377,13755,4,11,3,2,1,16,6,2,13,2,4,12,False,False,False,True,False,True,False,False,False,False,False,False,False,False,False,False,True,False,True,False,True,0
33,461,13,1,2,53,3,1,4,3452,17241,3,18,3,1,0,5,4,3,3,2,0,2,False,True,True,False,True,False,False,False,False,False,False,False,False,False,False,True,False,False,False,True,False,0
40,720,16,4,1,51,2,2,3,5094,11983,6,14,3,4,0,10,6,3,1,0,0,0,True,False,True,False,False,False,True,False,False,True,False,True,False,False,False,False,False,False,False,True,False,0
31,1365,13,4,2,46,3,2,1,4233,11512,2,17,3,3,0,9,2,1,3,1,1,2,False,True,False,True,False,False,True,False,False,True,False,False,False,False,False,False,True,False,False,False,False,1
45,364,25,3,2,83,3,5,2,18061,13035,3,22,4,3,0,22,4,3,0,0,0,0,True,False,True,False,False,False,True,False,False,False,False,False,True,False,False,False,False,False,False,True,False,0
34,937,1,3,1,32,3,3,4,9888,6770,1,21,4,1,0,14,3,2,14,8,2,1,False,True,False,True,False,True,False,False,False,True,False,False,False,False,False,False,True,False,False,True,False,0
42,188,29,3,2,56,1,2,4,4272,9558,4,19,3,1,0,16,3,3,1,0,0,0,False,True,True,False,False,False,True,False,False,True,False,True,False,False,False,False,False,False,False,True,False,0
39,170,3,2,3,76,2,2,3,3069,10302,0,15,3,4,1,11,3,3,10,8,0,7,False,True,True,False,False,False,True,False,False,True,False,True,False,False,False,False,False,False,False,False,False,0
56,667,1,4,3,57,3,2,3,6306,26236,1,21,4,1,1,13,2,2,13,12,1,9,False,False,True,False,True,False,False,False,False,True,False,False,False,False,False,False,False,False,False,False,False,0
25,1219,4,1,4,32,3,1,4,3691,4605,1,15,3,2,1,7,3,4,7,7,5,6,False,True,True,False,False,False,False,False,True,True,False,True,False,False,False,False,False,False,True,False,True,1
59,715,2,3,3,69,2,4,4,13726,21829,3,13,3,1,0,30,4,3,5,3,4,3,False,True,True,False,True,False,False,False,False,False,False,False,False,True,False,False,False,False,False,True,True,0
44,1315,3,4,4,35,3,5,4,19513,9358,4,12,3,1,1,26,2,4,2,2,0,1,False,True,True,False,False,False,False,True,False,True,False,False,True,False,False,False,False,False,True,False,True,0
33,465,2,2,1,39,3,1,1,2707,21509,7,20,4,1,0,13,3,4,9,7,1,7,False,True,True,False,True,False,False,False,False,False,False,True,False,False,False,False,False,False,True,False,False,1
34,648,11,3,3,56,2,2,2,4490,21833,4,11,3,4,2,14,5,4,10,9,1,8,True,False,False,False,True,False,False,False,False,True,True,False,False,False,False,False,False,False,True,False,False,0
26,1146,8,3,4,38,2,2,1,5326,3064,6,17,3,3,0,6,2,2,4,3,1,2,False,True,False,True,False,False,False,False,True,True,False,False,False,False,False,False,True,False,False,True,False,1
44,1199,4,2,3,92,4,5,1,19190,17477,1,14,3,4,2,26,4,2,25,9,14,13,False,True,True,False,True,False,False,False,False,True,False,False,True,False,False,False,False,False,False,False,False,0
37,482,3,3,3,36,3,3,3,9434,9606,1,15,3,3,1,10,2,3,10,7,7,8,False,True,True,False,False,False,False,True,False,True,False,False,False,True,False,False,False,False,True,False,False,0
54,157,10,3,3,77,3,2,1,4440,25198,6,19,3,4,0,9,3,3,5,2,1,4,False,True,True,False,False,False,True,False,False,False,False,False,False,True,False,False,False,False,False,True,True,0
34,1303,2,4,4,62,2,1,3,2768,8416,3,12,3,3,1,14,3,3,7,3,5,7,False,True,True,False,True,False,False,False,False,True,False,False,False,False,False,True,False,False,False,False,False,0
36,1302,6,4,1,80,4,2,1,5562,19711,3,13,3,4,1,9,3,3,3,2,0,2,True,False,True,False,True,False,False,False,False,True,False,True,False,False,False,False,False,False,True,False,True,0
40,1151,9,5,4,63,2,2,4,4876,14242,9,14,3,4,1,5,5,1,3,2,0,2,False,False,True,False,True,False,False,False,False,True,False,False,False,False,False,False,False,False,True,False,False,0
49,1023,2,3,4,63,2,2,2,5390,13243,2,14,3,4,0,17,3,2,9,6,0,8,True,False,False,True,False,False,True,False,False,True,False,False,False,False,False,False,True,False,True,False,False,0
39,439,9,3,3,70,3,2,2,6782,8770,9,15,3,3,0,9,2,2,5,4,0,3,False,False,True,False,True,False,False,False,False,True,False,True,False,False,False,False,False,False,False,True,False,0
41,427,10,4,2,73,2,5,4,19141,8861,3,15,3,2,3,23,2,2,21,6,12,6,False,True,False,False,False,False,False,False,False,True,False,False,True,False,False,False,False,False,False,False,False,0
52,771,2,4,1,79,2,5,3,19068,21030,1,18,3,4,0,33,2,4,33,7,15,12,False,False,False,True,True,False,False,False,False,True,False,False,True,False,False,False,False,False,False,True,True,0
31,655,7,4,4,48,3,2,4,5915,9528,3,22,4,4,1,10,3,2,7,7,1,7,False,True,True,False,True,False,False,False,False,True,False,True,False,False,False,False,False,False,False,False,False,0
40,369,8,2,2,92,3,2,1,6516,5041,2,16,3,2,1,18,3,3,1,0,0,0,False,True,True,False,True,False,False,False,False,False,False,False,False,True,False,False,False,False,True,False,True,0
30,1275,28,2,4,64,3,2,4,5775,11934,1,13,3,4,2,11,2,3,10,8,1,9,False,True,True,False,False,False,True,False,False,False,False,False,False,False,False,True,False,False,True,False,False,0
29,1283,23,3,4,54,3,1,4,2201,18168,9,16,3,4,0,6,4,3,3,2,1,2,False,True,True,False,True,False,False,False,False,True,False,False,False,False,False,True,False,False,False,True,False,0
58,289,2,3,4,51,3,1,3,2479,26227,4,24,4,1,0,7,4,3,1,0,0,0,False,True,True,False,False,False,False,False,True,True,False,False,False,False,False,True,False,False,False,True,False,1
40,1469,9,4,4,35,3,1,2,3617,25063,8,14,3,4,1,3,2,3,1,1,0,0,True,False,True,False,False,False,True,False,False,True,False,False,False,False,False,True,False,False,False,False,True,0
43,1291,15,2,3,65,2,4,3,17603,3525,1,24,4,1,1,14,3,3,14,10,6,11,False,True,True,False,True,False,False,False,False,True,False,False,False,False,True,False,False,False,True,False,False,0
37,342,16,4,4,66,2,2,3,6334,24558,4,19,3,4,2,9,2,3,1,0,0,0,False,True,False,True,False,True,False,False,False,True,False,False,False,False,False,False,True,False,False,False,False,0
30,1465,1,3,4,63,3,1,2,3579,9369,0,21,4,1,1,12,2,3,11,9,5,7,False,True,True,False,False,False,True,False,False,True,False,False,False,False,False,True,False,False,True,False,True,0
30,990,7,3,3,64,3,1,3,1274,7152,1,13,3,2,2,1,2,2,1,0,0,0,False,False,True,False,False,False,False,False,True,True,False,False,False,False,False,True,False,False,False,False,False,0
34,653,10,4,4,92,2,2,3,5063,15332,1,14,3,2,1,8,3,2,8,2,7,7,True,False,True,False,False,False,False,False,True,True,False,False,False,False,False,False,False,False,True,False,False,0
33,1111,5,1,2,61,3,2,4,9998,19293,6,13,3,1,0,8,2,4,5,4,1,2,True,False,False,True,True,False,False,False,False,True,False,False,False,False,False,False,True,False,True,False,False,0
49,527,8,2,1,51,3,3,2,7403,22477,4,11,3,3,1,29,3,2,26,9,1,7,False,True,True,False,False,False,False,True,False,False,False,True,False,False,False,False,False,False,True,False,False,0
50,854,1,4,4,68,3,5,4,19517,24118,3,11,3,3,1,32,3,2,7,0,0,6,False,True,False,True,False,False,True,False,False,False,False,False,True,False,False,False,False,False,False,False,False,0
30,1398,22,4,3,69,3,3,1,8412,2890,0,11,3,3,0,10,3,3,9,8,7,8,False,False,False,True,False,False,False,True,False,False,False,False,False,False,False,False,True,False,True,False,False,0
35,138,2,3,2,37,3,2,2,4425,15986,5,11,3,4,0,10,5,3,6,2,1,2,True,False,True,False,False,False,True,False,False,False,False,True,False,False,False,False,False,False,False,True,False,0
47,543,2,4,3,87,3,2,2,4978,3536,7,11,3,4,1,4,3,1,1,0,0,0,False,False,False,True,False,True,False,False,False,True,False,False,False,False,False,False,True,False,True,False,False,0
35,1214,1,3,2,30,2,1,3,2859,26278,1,18,3,1,0,6,3,3,6,4,0,4,False,True,True,False,False,False,True,False,False,True,False,False,False,False,False,True,False,False,False,True,False,0
49,1064,2,1,2,42,3,5,4,19161,13738,3,15,3,4,0,28,3,3,5,4,4,3,True,False,True,False,True,False,False,False,False,True,False,False,False,False,True,False,False,False,True,False,False,0
43,990,27,3,4,87,4,1,2,4876,5855,5,12,3,3,1,8,0,3,6,4,0,2,False,True,True,False,False,False,False,False,True,True,False,True,False,False,False,False,False,False,False,False,False,0
34,658,7,3,1,66,1,2,3,6074,22887,1,24,4,4,0,9,3,3,9,7,0,6,True,False,True,False,True,False,False,False,False,True,False,True,False,False,False,False,False,False,False,True,True,1
30,979,15,2,3,94,2,3,1,7140,3088,2,11,3,1,1,12,2,3,7,7,1,7,False,True,False,True,False,True,False,False,False,True,False,False,False,False,False,False,True,False,False,False,False,0
31,1112,5,4,1,67,3,2,4,5476,22589,1,11,3,1,2,10,2,3,10,0,0,2,False,True,False,True,True,False,False,False,False,False,False,False,False,False,False,False,True,False,True,False,False,0
46,991,1,2,4,44,3,1,1,3423,22957,6,12,3,3,0,10,3,4,7,6,5,7,False,True,False,False,True,False,False,False,False,False,True,False,False,False,False,False,False,False,False,True,False,0
43,177,8,3,1,55,3,2,2,4765,23814,4,21,4,3,1,4,2,4,1,0,0,0,False,True,True,False,True,False,False,False,False,False,False,False,False,True,False,False,False,False,False,False,False,0
39,792,1,3,4,77,3,2,4,6472,8989,1,15,3,4,1,9,2,3,9,8,5,8,False,False,True,False,True,False,False,False,False,True,False,True,False,False,False,False,False,False,True,False,True,0
41,918,6,3,4,35,3,3,3,9241,15869,1,12,3,2,0,10,3,3,10,8,8,7,False,True,False,True,False,True,False,False,False,True,False,False,False,False,False,False,True,False,False,True,False,0
52,715,19,4,4,41,3,1,4,4258,26589,0,18,3,1,1,5,3,3,4,3,1,2,False,False,True,False,False,False,True,False,False,True,False,False,False,False,False,True,False,False,True,False,False,0
30,641,25,2,4,85,3,2,3,4736,6069,7,12,3,2,1,4,2,4,2,2,2,2,False,False,False,True,False,False,False,False,True,False,False,False,False,False,False,False,True,False,True,False,True,0
48,1108,15,4,3,65,3,1,1,2367,16530,8,12,3,4,1,10,3,2,8,2,7,6,False,True,True,False,False,False,False,True,False,False,False,False,False,False,False,True,False,False,True,False,False,0
29,441,8,1,3,39,1,2,1,9715,7288,3,13,3,3,1,9,3,3,7,7,0,7,False,True,True,False,False,False,False,True,False,False,False,False,False,False,False,False,False,False,True,False,False,0
49,1091,1,2,3,90,2,4,3,13964,17810,7,12,3,4,0,25,2,3,7,1,0,7,False,True,True,False,False,False,False,False,True,False,False,False,False,False,False,False,False,False,False,True,True,0
35,287,1,4,3,62,1,1,4,2977,8952,1,12,3,4,1,4,5,3,4,3,1,1,False,True,True,False,True,False,False,False,False,False,False,False,False,False,False,True,False,False,True,False,False,0
28,467,7,3,3,55,3,2,1,4898,11827,0,14,3,4,0,5,5,3,4,2,1,3,True,False,False,True,True,False,False,False,False,True,False,False,False,False,False,False,True,False,False,True,False,0
32,1184,1,3,3,70,2,1,2,2332,3974,6,20,4,3,0,5,3,3,3,0,0,2,False,False,True,False,True,False,False,False,False,False,False,True,False,False,False,False,False,False,True,False,False,0
31,480,7,2,2,31,3,2,1,4306,4156,1,12,3,2,1,13,5,1,13,10,3,12,False,True,True,False,False,False,True,False,False,False,False,False,False,True,False,False,False,False,True,False,False,0
34,304,2,3,4,60,3,2,4,6274,18686,1,22,4,3,0,6,5,3,6,5,1,4,False,True,False,True,False,False,False,True,False,True,False,False,False,False,False,False,True,False,False,True,False,0
34,167,8,5,2,32,3,2,1,5121,4187,3,14,3,3,1,7,3,3,0,0,0,0,False,True,True,False,True,False,False,False,False,False,False,False,False,True,False,False,False,False,False,False,False,0
50,1322,28,3,4,43,3,4,1,16880,22422,4,11,3,2,0,25,2,3,3,2,1,2,False,True,True,False,True,False,False,False,False,False,False,False,False,False,True,False,False,False,True,False,True,0
37,1225,10,2,4,80,4,1,4,4680,15232,3,17,3,1,0,4,2,3,1,0,0,0,False,True,True,False,True,False,False,False,False,True,False,False,False,False,False,True,False,False,False,True,False,0
47,249,2,2,3,35,3,2,4,4537,17783,0,22,4,1,1,8,2,3,7,6,7,7,False,True,False,True,False,True,False,False,False,False,False,False,False,False,False,False,True,False,True,False,True,0
24,350,21,2,3,57,2,1,1,2296,10036,0,14,3,2,3,2,3,3,1,1,0,0,False,True,True,False,False,False,False,False,True,True,False,True,False,False,False,False,False,False,False,False,False,0
18,287,5,2,2,73,3,1,4,1051,13493,1,15,3,4,0,0,2,3,0,0,0,0,False,False,True,False,True,False,False,False,False,True,False,False,False,False,False,True,False,False,False,True,False,0
29,1247,20,2,4,45,3,2,4,6931,10732,2,14,3,4,1,10,2,3,3,2,0,2,False,True,False,True,False,True,False,False,False,True,False,False,False,False,False,False,True,False,False,False,False,0
39,492,12,3,4,66,3,2,2,5295,7693,4,21,4,3,0,7,3,3,5,4,1,0,False,True,True,False,False,False,True,False,False,True,False,False,False,True,False,False,False,False,True,False,False,0
31,311,20,3,2,89,3,2,3,4197,18624,1,11,3,1,1,10,2,3,10,8,0,2,False,True,True,False,True,False,False,False,False,True,False,True,False,False,False,False,False,False,False,False,False,0
36,1213,2,1,2,94,2,2,4,3886,4223,1,21,4,4,0,10,2,2,10,1,0,8,True,False,False,False,False,False,False,False,False,True,True,False,False,False,False,False,False,False,False,True,False,0
34,404,2,4,3,98,3,2,4,6687,6163,1,11,3,4,0,14,2,4,14,11,4,11,False,True,True,False,False,False,False,False,True,False,False,False,False,False,False,False,False,False,False,True,False,0
45,788,24,4,2,36,3,1,2,2177,8318,1,16,3,1,0,6,3,3,6,3,0,4,False,True,False,False,False,False,True,False,False,True,True,False,False,False,False,False,False,False,False,True,False,0
23,541,2,1,3,62,3,1,1,2322,9518,3,13,3,3,1,3,3,3,0,0,0,0,False,True,False,True,False,False,False,False,True,True,False,False,False,False,False,False,False,True,False,False,False,0
32,1373,5,4,4,56,2,2,4,9679,10138,8,24,4,2,0,8,1,3,1,0,0,0,False,True,True,False,True,False,False,False,False,True,False,False,False,True,False,False,False,False,False,True,False,0
29,1210,2,3,1,78,2,2,2,6644,3687,2,19,3,2,2,10,2,3,0,0,0,0,False,True,False,True,False,False,True,False,False,True,False,False,False,False,False,False,True,False,True,False,False,0
36,928,1,2,2,56,3,2,4,6201,2823,1,14,3,4,1,18,1,2,18,14,4,11,False,True,False,True,True,False,False,False,False,True,False,False,False,False,False,False,True,False,True,False,True,0
45,374,20,3,4,50,3,2,3,4850,23333,8,15,3,3,0,8,3,3,5,3,0,1,False,True,False,True,True,False,False,False,False,False,False,False,False,False,False,False,True,False,False,True,False,0
24,581,9,3,3,62,4,1,3,4401,17616,1,16,3,4,1,5,1,3,5,3,0,4,False,True,True,False,False,False,True,False,False,True,False,False,False,False,False,True,False,False,True,False,False,0
38,888,10,4,3,71,3,2,3,6077,14814,3,11,3,3,0,10,2,3,6,3,1,2,True,False,False,False,False,False,False,False,False,True,True,False,False,False,False,False,False,False,True,False,False,0
33,1076,3,3,1,70,3,1,1,3348,3164,1,11,3,1,0,10,3,3,10,8,9,7,True,False,True,False,True,False,False,False,False,True,False,False,False,False,False,True,False,False,False,True,True,1
40,1479,24,3,2,100,4,4,2,13194,17071,4,16,3,4,0,22,2,2,1,0,0,0,False,False,False,True,True,False,False,False,False,False,False,False,False,False,False,False,True,False,False,True,True,1
33,147,4,4,3,47,2,1,2,2622,13248,6,21,4,4,0,7,3,3,3,2,1,1,False,True,True,False,False,False,True,False,False,False,False,False,False,False,False,True,False,False,True,False,False,0
24,1127,18,1,2,52,3,1,3,2774,13257,0,12,3,3,1,6,2,3,5,3,1,2,False,True,True,False,True,False,False,False,False,True,False,True,False,False,False,False,False,False,True,False,False,0
31,793,20,3,3,67,4,1,4,2791,21981,0,12,3,1,1,3,4,3,2,2,2,2,True,False,False,True,True,False,False,False,False,True,False,False,False,False,False,False,False,True,True,False,False,0
52,621,3,4,3,31,2,4,1,16856,10084,1,11,3,1,0,34,3,4,34,6,1,16,False,True,False,True,False,True,False,False,False,True,False,False,True,False,False,False,False,False,True,False,False,0
45,1268,4,2,3,30,3,2,1,5006,6319,4,11,3,1,1,9,3,4,5,4,0,3,False,True,False,True,True,False,False,False,False,False,False,False,False,False,False,False,True,False,False,False,True,0
44,1099,5,3,2,88,3,5,2,18213,8751,7,11,3,3,1,26,5,3,22,9,3,10,False,True,False,True,False,True,False,False,False,True,False,False,True,False,False,False,False,False,True,False,False,0
28,895,15,2,1,50,3,1,3,2207,22482,1,16,3,4,1,4,5,2,4,2,2,2,False,True,True,False,True,False,False,False,False,True,False,True,False,False,False,False,False,False,False,False,False,0
46,734,2,4,3,46,3,5,4,19328,14218,7,17,3,3,1,24,3,3,2,1,2,2,False,True,True,False,False,False,True,False,False,True,False,False,False,False,True,False,False,False,False,False,True,0
58,350,2,3,2,52,3,4,2,16291,22577,4,22,4,4,1,37,0,2,16,9,14,14,False,False,False,True,False,False,True,False,False,True,False,False,True,False,False,False,False,False,False,False,False,0
36,325,10,4,4,63,3,3,3,7094,5747,3,12,3,1,0,10,0,3,7,7,1,7,False,True,True,False,False,False,False,False,True,False,False,False,False,False,False,False,False,False,True,False,False,0
37,1372,1,3,4,42,3,1,4,2115,15881,1,12,3,2,0,17,3,3,17,12,5,7,False,True,True,False,True,False,False,False,False,False,False,False,False,False,False,True,False,False,False,True,False,0
37,674,13,3,1,47,3,2,4,4285,3031,1,17,3,1,0,10,2,3,10,8,3,7,False,True,True,False,False,False,True,False,False,True,False,False,False,False,False,True,False,False,True,False,False,0
29,986,3,4,2,93,2,3,3,11935,21526,1,18,3,3,0,10,2,3,10,2,0,7,False,True,True,False,False,False,True,False,False,True,False,False,False,False,True,False,False,False,True,False,False,0
36,711,5,4,2,42,3,3,1,8008,22792,4,12,3,3,2,9,6,3,3,2,0,2,False,True,True,False,True,False,False,False,False,False,False,False,False,False,False,False,False,False,True,False,False,0
44,1459,10,4,4,41,3,2,4,6465,19121,2,13,3,4,0,9,5,4,4,2,1,3,False,True,True,False,False,False,False,True,False,True,False,False,False,False,False,False,False,False,True,False,True,0
47,703,14,4,4,42,3,2,1,4960,11825,2,12,3,4,0,20,2,3,7,7,1,7,False,True,False,True,False,True,False,False,False,True,False,False,False,False,False,False,True,False,False,True,False,0
32,1045,4,4,4,32,1,3,4,10400,25812,1,11,3,3,0,14,2,2,14,8,9,8,False,True,False,True,False,False,True,False,False,True,False,False,False,False,False,False,True,False,True,False,False,1
44,170,1,4,2,78,4,2,1,5033,9364,2,15,3,4,1,10,5,3,2,0,2,2,False,True,True,False,True,False,False,False,False,True,False,False,False,False,False,False,False,False,True,False,False,0
32,495,10,3,3,64,3,3,4,11244,21072,2,25,4,2,0,10,5,4,5,2,0,0,False,True,True,False,False,False,True,False,False,True,False,False,True,False,False,False,False,False,False,True,False,0
34,401,1,3,4,86,2,1,2,3294,3708,5,17,3,1,1,7,2,2,5,4,0,2,False,True,True,False,True,False,False,False,False,False,False,True,False,False,False,False,False,False,True,False,False,0
44,986,8,4,1,62,4,1,4,2818,5044,2,24,4,3,1,10,2,2,3,2,0,2,False,True,True,False,True,False,False,False,False,True,False,True,False,False,False,False,False,False,True,False,True,0
54,685,3,3,4,85,3,4,4,17779,23474,3,14,3,1,0,36,2,3,10,9,0,9,False,True,True,False,True,False,False,False,False,True,False,False,False,False,True,False,False,False,True,False,False,0
43,920,3,3,3,96,1,5,4,19740,18625,3,14,3,2,1,25,2,3,8,7,0,7,False,True,True,False,True,False,False,False,False,True,False,False,False,False,True,False,False,False,True,False,False,0
34,1069,2,1,4,45,2,2,3,9547,14074,1,17,3,3,0,10,2,2,10,9,1,9,True,False,True,False,True,False,False,False,False,True,False,False,False,True,False,False,False,False,True,False,False,0
26,575,3,1,3,73,3,1,1,3102,6582,0,22,4,3,0,7,2,3,6,4,0,4,True,False,True,False,False,False,False,False,True,True,False,False,False,False,False,True,False,False,False,True,False,1
38,1009,2,2,2,31,3,2,1,6893,19461,3,15,3,4,1,11,3,3,7,7,1,7,False,True,False,True,True,False,False,False,False,False,False,False,False,False,False,False,True,False,False,False,False,0
28,783,1,2,3,42,2,2,4,6834,19255,1,12,3,3,1,7,2,3,7,7,0,7,True,False,False,True,True,False,False,False,False,True,False,False,False,False,False,False,True,False,True,False,True,0
37,1462,11,3,1,94,3,1,3,3629,19106,4,18,3,1,0,8,6,3,3,2,0,2,False,True,True,False,False,False,True,False,False,False,False,True,False,False,False,False,False,False,False,True,False,0
38,573,6,3,2,79,1,2,4,5329,15717,7,12,3,4,3,17,3,3,13,11,1,9,False,False,True,False,False,False,True,False,False,False,False,False,False,False,False,True,False,False,False,False,True,0
26,572,10,3,3,46,3,2,4,4684,9125,1,13,3,1,0,5,4,3,5,3,1,2,False,True,False,True,False,False,True,False,False,True,False,False,False,False,False,False,True,False,False,True,False,0
46,1211,5,4,1,98,3,2,4,5772,20445,4,21,4,3,0,14,4,3,9,6,0,8,True,False,False,True,False,True,False,False,False,True,False,False,False,False,False,False,True,False,False,True,True,0
29,1496,1,1,4,41,3,2,3,4319,26283,1,13,3,1,1,10,1,3,10,7,0,9,False,False,True,False,False,False,False,False,True,True,False,False,False,True,False,False,False,False,True,False,False,0
29,1252,23,2,3,81,4,1,3,2700,23779,1,24,4,3,1,10,3,3,10,7,0,7,False,True,True,False,True,False,False,False,False,True,False,False,False,False,False,True,False,False,True,False,False,0
26,474,3,3,1,89,3,1,4,2061,11133,1,21,4,1,0,1,5,3,1,0,0,0,False,True,True,False,True,False,False,False,False,False,False,False,False,False,False,True,False,False,True,False,False,0
24,771,1,2,2,45,2,2,3,4617,14120,1,12,3,2,0,4,2,2,4,3,1,2,False,True,True,False,True,False,False,False,False,True,False,False,False,False,False,False,False,False,False,True,False,0
31,523,2,3,2,94,3,1,4,3722,21081,6,13,3,3,1,7,2,1,2,2,2,2,True,False,True,False,True,False,False,False,False,True,False,True,False,False,False,False,False,False,True,False,True,1
48,492,16,4,3,96,3,2,3,6439,13693,8,14,3,3,1,18,2,3,8,7,7,7,False,True,False,True,True,False,False,False,False,False,False,False,False,False,False,False,True,False,False,False,False,0
48,708,7,2,4,95,3,1,3,2655,11740,2,11,3,3,2,19,3,3,9,7,7,7,True,False,False,True,False,False,True,False,False,False,False,False,False,False,False,False,False,True,True,False,True,1
38,345,10,2,1,100,3,2,4,5343,5982,1,11,3,3,1,10,1,3,10,7,1,9,False,True,False,True,True,False,False,False,False,False,False,False,False,False,False,False,True,False,True,False,False,0
27,798,6,4,1,66,2,1,3,2187,5013,0,12,3,3,2,6,5,2,5,3,0,3,False,True,True,False,False,False,True,False,False,False,False,False,False,False,False,True,False,False,False,False,False,0
38,1380,9,2,3,75,3,1,4,2288,6319,1,12,3,3,0,2,3,3,2,2,2,1,False,True,True,False,True,False,False,False,False,False,False,True,False,False,False,False,False,False,False,True,False,0
42,265,5,2,4,90,3,5,3,18303,7770,6,13,3,2,0,21,3,4,1,0,0,0,False,True,False,True,False,True,False,False,False,True,False,False,True,False,False,False,False,False,True,False,False,0
45,1238,1,1,3,74,2,3,3,10748,3395,3,23,4,4,1,25,3,2,23,15,14,4,False,False,True,False,True,False,False,False,False,True,False,False,False,False,False,False,False,False,True,False,False,0
24,1371,10,4,4,77,3,2,3,4260,5915,1,12,3,4,1,5,2,4,5,2,0,3,False,True,False,True,False,True,False,False,False,False,False,False,False,False,False,False,True,False,False,False,True,0
34,254,1,2,2,83,2,1,4,3622,22794,1,13,3,4,1,6,3,3,6,5,1,3,False,True,True,False,True,False,False,False,False,True,False,False,False,False,False,True,False,False,True,False,True,0
26,192,1,2,1,59,2,1,1,3955,11141,1,16,3,1,2,6,2,3,5,3,1,3,False,True,True,False,False,False,True,False,False,True,False,True,False,False,False,False,False,False,True,False,False,0
47,1093,9,3,3,82,1,4,3,12936,24164,7,11,3,3,0,25,3,1,23,5,14,10,True,False,False,True,True,False,False,False,False,True,False,False,False,False,False,False,True,False,True,False,False,1
25,772,2,1,4,77,4,2,3,5206,4973,1,17,3,3,2,7,6,3,7,7,0,7,True,False,True,False,True,False,False,False,False,True,False,False,False,True,False,False,False,False,False,False,False,0
41,483,6,3,4,95,2,2,2,6032,10110,6,15,3,4,0,8,3,3,5,4,1,2,False,True,True,False,False,False,True,False,False,True,False,False,False,True,False,False,False,False,False,True,True,0
20,1141,2,3,3,31,3,1,3,2783,13251,1,19,3,1,0,2,3,3,2,2,2,2,False,True,False,True,False,False,True,False,False,False,False,False,False,False,False,False,False,True,False,True,False,0
26,426,17,4,2,58,3,1,3,2741,22808,0,11,3,2,1,8,2,2,7,7,1,0,True,False,False,False,True,False,False,False,False,False,True,False,False,False,False,False,False,False,False,False,True,1
47,719,27,2,2,77,4,2,3,6397,10339,4,12,3,4,0,8,2,3,5,4,1,3,True,False,False,True,True,False,False,False,False,False,False,False,False,False,False,False,True,False,False,True,True,1
26,575,1,2,1,71,1,1,4,4364,5288,3,14,3,1,1,5,2,3,2,2,2,0,True,False,True,False,True,False,False,False,False,False,False,True,False,False,False,False,False,False,False,False,False,0
37,1470,10,3,2,71,3,1,2,3936,9953,1,11,3,1,1,8,2,1,8,4,7,7,False,True,True,False,False,False,True,False,False,False,False,False,False,False,False,True,False,False,True,False,False,0
40,1300,24,2,1,62,3,2,4,3319,24447,1,17,3,1,2,9,3,3,9,8,4,7,False,True,True,False,False,False,False,False,True,True,False,False,False,False,False,True,False,False,False,False,False,0
25,309,2,3,3,82,3,1,2,2187,19655,4,14,3,3,0,6,3,3,2,0,1,2,False,True,False,False,False,False,False,False,False,False,True,False,False,False,False,False,False,False,True,False,False,0
47,1169,14,4,3,64,3,2,2,5467,2125,8,18,3,3,1,16,4,4,8,7,1,7,False,False,True,False,False,False,False,False,True,True,False,False,False,False,False,True,False,False,True,False,False,0
29,592,7,3,4,59,3,1,1,2062,19384,3,14,3,2,0,11,2,3,3,2,1,2,False,True,True,False,True,False,False,False,False,True,False,True,False,False,False,False,False,False,False,True,False,0
36,884,1,4,2,73,3,2,3,6815,21447,6,13,3,1,0,15,5,3,1,0,0,0,False,True,False,True,True,False,False,False,False,False,False,False,False,False,False,False,True,False,False,True,False,0
34,1326,3,3,4,81,1,2,1,4759,15891,3,18,3,4,0,15,2,3,13,9,3,12,False,True,False,True,False,False,False,True,False,True,False,False,False,False,False,False,True,False,False,True,False,0
27,954,9,3,4,44,3,2,4,4105,5099,1,14,3,1,0,7,5,3,7,7,0,7,False,True,False,True,False,True,False,False,False,True,False,False,False,False,False,False,True,False,False,True,False,0
32,929,10,3,4,55,3,2,4,5396,21703,1,12,3,4,0,10,2,2,10,7,0,8,False,True,False,True,False,True,False,False,False,True,False,False,False,False,False,False,True,False,False,True,False,0
50,1234,20,5,2,41,3,4,3,11245,20689,2,15,3,3,1,32,3,3,30,8,12,13,True,False,True,False,False,False,True,False,False,True,False,False,False,False,False,False,False,False,True,False,True,0
30,852,10,3,3,72,2,2,3,6578,2706,1,18,3,1,1,10,3,3,10,3,1,4,False,True,False,True,False,True,False,False,False,True,False,False,False,False,False,False,True,False,True,False,False,0
21,156,12,3,3,90,4,1,2,2716,25422,1,15,3,4,0,1,0,3,1,0,0,0,False,True,False,True,True,False,False,False,False,False,False,False,False,False,False,False,False,True,False,True,False,1
26,1443,23,3,3,47,2,2,4,4157,21436,7,19,3,3,1,5,2,2,2,2,0,0,False,True,False,True,False,True,False,False,False,False,False,False,False,False,False,False,True,False,True,False,True,0
27,269,5,1,3,42,2,3,4,12808,8842,1,16,3,2,1,9,3,3,9,8,0,8,False,True,True,False,False,False,False,False,True,True,False,False,False,False,True,False,False,False,False,False,True,0
43,775,15,3,4,47,2,2,4,6804,23683,3,18,3,3,1,7,5,3,2,2,2,2,True,False,False,True,True,False,False,False,False,True,False,False,False,False,False,False,True,False,True,False,False,0
31,192,2,4,3,32,3,1,4,2695,7747,0,18,3,2,1,3,2,1,2,2,2,2,False,True,True,False,True,False,False,False,False,True,False,False,False,False,False,True,False,False,False,False,True,0
35,1402,28,4,2,98,2,1,3,2430,26204,0,23,4,1,2,6,5,3,5,3,4,2,False,True,False,True,True,False,False,False,False,False,False,False,False,False,False,False,False,True,True,False,False,0
22,534,15,3,2,59,3,1,4,2871,23785,1,15,3,3,0,1,5,3,0,0,0,0,False,True,True,False,False,False,True,False,False,False,False,True,False,False,False,False,False,False,False,True,False,0
44,921,2,3,3,96,4,3,4,7879,14810,1,19,3,2,1,9,2,3,8,7,6,7,False,True,True,False,True,False,False,False,False,False,False,False,False,False,False,False,False,False,True,False,True,0
37,807,6,4,3,63,3,1,1,2073,23648,4,22,4,4,0,7,3,3,3,2,0,2,False,True,False,False,False,False,False,False,False,True,True,False,False,False,False,False,False,False,False,False,True,1
42,1368,28,4,4,88,2,2,4,4523,4386,0,11,3,4,3,7,4,4,6,5,0,4,True,False,True,False,False,False,False,False,True,False,False,False,False,False,False,False,False,False,True,False,False,0
42,1265,3,3,3,95,4,2,4,5231,23726,2,13,3,2,1,17,1,2,5,3,1,3,False,True,True,False,True,False,False,False,False,False,False,True,False,False,False,False,False,False,True,False,True,0
31,1463,23,3,2,64,2,2,4,5582,14408,0,21,4,2,1,10,2,3,9,0,7,8,False,True,True,False,False,False,True,False,False,True,False,False,False,False,False,False,False,False,True,False,False,0
36,917,6,4,3,60,1,1,3,2741,6865,1,14,3,3,1,7,4,3,7,7,1,7,False,True,True,False,True,False,False,False,False,True,False,True,False,False,False,False,False,False,False,False,False,0
18,230,3,3,3,54,3,1,3,1420,25233,1,13,3,3,0,0,2,3,0,0,0,0,False,True,True,False,True,False,False,False,False,True,False,True,False,False,False,False,False,False,False,True,False,1
47,217,3,3,4,49,3,4,3,13770,10225,9,12,3,4,2,28,2,2,22,2,11,13,True,False,False,True,False,False,True,False,False,False,False,False,False,False,False,False,True,False,False,False,True,0
34,1320,20,3,3,89,4,1,3,2585,21643,0,17,3,4,0,2,5,2,1,0,0,0,False,True,True,False,False,False,False,False,True,False,False,False,False,False,False,True,False,False,True,False,False,0
58,1272,5,3,3,37,2,3,2,10552,9255,2,13,3,4,1,24,3,3,6,0,0,4,False,True,True,False,False,False,False,False,True,False,False,False,False,False,False,False,False,False,False,False,True,0
36,329,2,3,4,96,3,1,3,2543,11868,4,13,3,2,1,6,3,3,2,2,2,2,False,True,True,False,True,False,False,False,False,False,False,False,False,False,False,True,False,False,True,False,False,0
44,920,24,3,4,43,3,1,3,3161,19920,3,22,4,4,1,19,0,1,1,0,0,0,True,False,True,False,True,False,False,False,False,True,False,True,False,False,False,False,False,False,False,False,True,1
40,692,11,3,4,73,3,2,3,6323,26849,1,11,3,1,1,10,2,4,10,9,9,4,True,False,True,False,False,False,False,False,True,False,False,True,False,False,False,False,False,False,True,False,False,0
54,155,9,2,1,67,3,2,3,2897,22474,3,11,3,3,2,9,6,2,4,3,2,3,False,True,True,False,True,False,False,False,False,False,False,False,False,False,False,True,False,False,True,False,False,0
58,147,23,4,4,94,3,3,4,10312,3465,1,12,3,4,1,40,3,2,40,10,15,6,False,True,True,False,False,False,True,False,False,False,False,False,False,False,False,False,False,False,True,False,False,1
23,427,7,3,3,99,3,1,4,2275,25103,1,21,4,2,1,3,2,3,3,2,0,2,False,True,False,True,True,False,False,False,False,True,False,False,False,False,False,False,False,True,False,False,True,1
31,444,5,3,4,84,3,1,2,2789,3909,1,11,3,3,1,2,5,2,2,2,2,2,True,False,False,True,False,True,False,False,False,False,False,False,False,False,False,False,False,True,False,False,False,0
38,827,1,4,2,33,4,2,4,7625,19383,0,13,3,3,0,10,4,2,9,7,1,8,False,True,True,False,True,False,False,False,False,False,False,False,False,False,False,False,False,False,False,True,False,0
38,397,2,2,4,54,2,3,3,7756,14199,3,19,3,4,1,10,6,4,5,4,0,2,False,True,True,False,False,False,True,False,False,False,False,False,False,True,False,False,False,False,True,False,True,0
28,995,9,3,3,77,3,1,3,2377,9834,5,18,3,2,1,6,2,3,2,2,2,2,False,True,True,False,False,False,True,False,False,False,False,False,False,False,False,True,False,False,False,False,False,0
26,933,1,3,3,57,3,2,3,5296,20156,1,17,3,2,1,8,3,3,8,7,7,7,False,True,False,True,True,False,False,False,False,True,False,False,False,False,False,False,True,False,True,False,False,0
27,1157,17,3,3,51,3,1,2,3058,13364,0,16,3,4,1,6,3,2,5,2,1,1,False,True,True,False,False,False,False,False,True,True,False,False,False,False,False,True,False,False,True,False,True,0
32,529,2,3,4,78,3,1,1,2439,11288,1,14,3,4,0,4,4,3,4,2,1,2,False,True,True,False,False,False,False,False,True,True,False,False,False,False,False,True,False,False,False,True,False,0
37,977,1,3,4,56,2,2,4,6474,9961,1,13,3,2,1,14,2,2,14,8,3,11,False,True,True,False,True,False,False,False,False,False,False,False,False,True,False,False,False,False,True,False,False,0
29,469,10,3,3,42,2,2,3,5869,23413,9,11,3,3,0,8,2,3,5,2,1,4,False,True,False,True,False,False,True,False,False,True,False,False,False,False,False,False,True,False,False,True,False,0
46,644,1,4,4,97,3,3,1,9396,12368,7,16,3,3,1,17,3,3,4,2,0,3,False,True,True,False,False,False,True,False,False,True,False,False,False,False,False,False,False,False,False,False,False,0
36,559,12,4,3,76,3,2,3,4663,12421,9,12,3,2,2,7,2,3,3,2,1,1,False,True,True,False,True,False,False,False,False,False,False,False,False,True,False,False,False,False,True,False,True,0
32,1033,9,3,1,41,3,1,1,4200,10224,7,22,4,1,0,10,2,4,5,4,0,4,False,True,True,False,False,False,True,False,False,False,False,True,False,False,False,False,False,False,False,True,False,1
30,241,7,3,2,48,2,1,2,2141,5348,1,12,3,2,1,6,3,2,6,4,1,1,False,True,True,False,False,False,True,False,False,True,False,False,False,False,False,True,False,False,True,False,False,0
31,587,2,4,4,57,3,3,3,9852,8935,1,19,3,1,1,10,5,2,10,8,9,6,False,False,False,True,True,False,False,False,False,False,False,False,False,False,False,False,True,False,False,False,True,0
34,810,8,2,2,92,4,2,3,6799,22128,1,21,4,3,2,10,5,3,10,8,4,8,False,True,False,True,False,False,False,False,True,True,False,False,False,False,False,False,True,False,True,False,False,0
44,602,1,5,1,37,3,2,4,5743,10503,4,11,3,3,0,14,3,3,10,7,0,2,True,False,False,False,False,False,False,False,False,True,True,False,False,False,False,False,False,False,True,False,True,0
58,781,2,1,4,57,2,1,4,2380,13384,9,14,3,4,1,3,3,2,1,0,0,0,True,False,True,False,True,False,False,False,False,True,False,True,False,False,False,False,False,False,False,False,True,1
44,935,3,3,1,89,3,1,1,2362,14669,4,12,3,3,0,10,4,4,3,2,1,2,False,True,True,False,True,False,False,False,False,True,False,True,False,False,False,False,False,False,True,False,False,1
31,1079,10,2,3,86,3,2,4,6583,20115,2,11,3,4,1,8,2,3,5,2,1,4,False,True,False,True,False,False,True,False,False,False,False,False,False,False,False,False,True,False,False,False,True,0
38,1084,29,3,4,54,3,2,4,6261,4185,3,18,3,1,1,9,3,1,7,7,1,7,False,True,True,False,False,False,False,False,True,True,False,False,False,True,False,False,False,False,True,False,False,0
25,180,2,1,1,65,4,1,1,3424,21632,7,13,3,3,0,6,3,2,4,3,0,1,False,True,True,False,False,False,True,False,False,True,False,False,False,False,False,True,False,False,False,True,False,0
35,1258,1,4,4,40,4,1,3,2506,13301,3,13,3,3,0,7,0,3,2,2,2,2,False,True,True,False,True,False,False,False,False,False,False,False,False,False,False,True,False,False,False,True,False,0
36,188,7,4,2,65,3,1,4,4678,23293,2,18,3,3,0,8,6,3,6,2,0,1,False,True,True,False,False,False,False,True,False,True,False,False,False,False,False,True,False,False,False,True,False,0
36,557,3,3,1,94,2,3,4,7644,12695,0,19,3,3,2,10,2,3,9,7,3,4,False,True,False,True,False,False,True,False,False,False,False,False,False,False,False,False,True,False,True,False,False,0
39,766,20,3,3,83,3,2,4,4127,19188,2,18,3,4,1,7,6,3,2,1,2,2,True,False,False,True,True,False,False,False,False,True,False,False,False,False,False,False,True,False,False,False,False,0
35,809,16,3,1,84,4,1,2,2426,16479,0,13,3,3,1,6,5,3,5,4,0,3,False,True,True,False,False,False,True,False,False,True,False,True,False,False,False,False,False,False,True,False,False,0
41,857,10,3,4,91,2,4,1,17181,12888,4,13,3,2,1,21,2,2,7,6,7,7,True,False,True,False,True,False,False,False,False,True,False,False,True,False,False,False,False,False,False,False,False,0
36,530,3,1,3,51,2,3,4,10325,5518,1,11,3,1,1,16,6,3,16,7,3,7,False,True,False,True,True,False,False,False,False,True,False,False,False,False,False,False,True,False,True,False,True,1
29,442,2,2,2,44,3,2,4,4554,20260,1,18,3,1,0,10,3,2,10,7,0,9,True,False,False,True,True,False,False,False,False,True,False,False,False,False,False,False,True,False,False,True,False,0
36,566,18,4,3,81,4,1,4,3688,7122,4,18,3,4,2,4,2,3,1,0,0,0,True,False,True,False,True,False,False,False,False,True,False,True,False,False,False,False,False,False,True,False,False,0
33,213,7,3,3,49,3,3,3,11691,25995,0,11,3,4,0,14,3,4,13,9,3,7,False,True,True,False,False,False,True,False,False,True,False,False,False,False,True,False,False,False,True,False,False,0
36,506,3,3,3,30,3,2,2,4485,26285,4,12,3,4,0,10,2,3,8,0,7,7,False,True,True,False,False,False,False,False,True,True,False,False,False,False,False,True,False,False,False,True,False,0
38,1495,10,3,3,76,3,2,3,9824,22174,3,19,3,3,1,18,4,3,1,0,0,0,False,True,True,False,False,False,True,False,False,False,False,False,False,False,False,False,False,False,True,False,False,0
54,376,19,4,4,95,3,2,1,5485,22670,9,11,3,2,2,9,4,3,5,3,1,4,False,True,True,False,False,False,True,False,False,False,False,False,False,True,False,False,False,False,False,False,True,0
37,1413,5,2,3,84,4,1,3,3500,25470,0,14,3,1,0,7,2,1,6,5,1,3,False,False,True,False,False,False,False,False,True,True,False,True,False,False,False,False,False,False,False,True,False,0
33,1038,8,1,2,88,2,1,4,2342,21437,0,19,3,4,0,3,2,2,2,2,2,2,False,False,False,True,True,False,False,False,False,False,False,False,False,False,False,False,False,True,False,True,False,0
50,410,28,3,4,39,2,3,1,10854,16586,4,13,3,2,1,20,3,3,3,2,2,0,False,True,False,True,False,True,False,False,False,True,False,False,False,False,False,False,True,False,False,False,True,1
49,470,20,4,3,96,3,2,1,6567,5549,1,14,3,3,0,16,2,2,15,11,5,11,False,True,True,False,False,False,True,False,False,False,False,False,False,True,False,False,False,False,True,False,False,0
33,430,7,3,4,54,3,2,1,4373,17456,0,14,3,1,2,5,2,3,4,3,0,3,True,False,False,True,False,False,True,False,False,True,False,False,False,False,False,False,True,False,True,False,False,0
27,210,1,1,3,73,3,2,2,6349,22107,0,13,3,4,1,6,0,3,5,4,1,4,False,False,False,True,False,True,False,False,False,True,False,False,False,False,False,False,True,False,True,False,True,0
28,1157,2,4,1,84,1,1,4,3464,24737,5,13,3,4,0,5,4,2,3,2,2,2,False,True,True,False,False,False,True,False,False,True,False,False,False,False,False,True,False,False,True,False,True,1
39,1383,2,3,4,42,2,2,4,5204,7790,8,11,3,3,2,13,2,3,5,4,0,4,False,True,False,False,True,False,False,False,False,False,True,False,False,False,False,False,False,False,True,False,False,0
35,104,2,3,1,69,3,1,1,2074,26619,1,12,3,4,1,1,2,3,1,0,0,0,False,True,True,False,True,False,False,False,False,False,False,True,False,False,False,False,False,False,False,False,True,1
